{"cameraMode":{"drawMode":0,"name":"Shaded","section":"Shading Mode"},"sceneLighting":true,"audioPlay":false,"sceneViewState":{"m_AlwaysRefresh":false,"showFog":true,"showSkybox":true,"showFlares":true,"showImageEffects":true,"showParticleSystems":true,"showVisualEffectGraphs":true,"m_FxEnabled":true},"in2DMode":false,"pivot":{"x":15.792558670043946,"y":5.209708213806152,"z":11.620030403137207},"rotation":{"x":-0.19992317259311677,"y":-0.01705070771276951,"z":0.0034802339505404236,"w":-0.9796605706214905},"size":21.556177139282228,"orthographic":false}