{"cameraMode":{"drawMode":0,"name":"Shaded","section":"Shading Mode"},"sceneLighting":true,"audioPlay":false,"sceneViewState":{"m_AlwaysRefresh":false,"showFog":true,"showSkybox":true,"showFlares":true,"showImageEffects":true,"showParticleSystems":true,"showVisualEffectGraphs":true,"m_FxEnabled":true},"in2DMode":false,"pivot":{"x":-6.548526287078857,"y":2.254791259765625,"z":0.12313565611839295},"rotation":{"x":0.2775600254535675,"y":-0.08202165365219116,"z":0.023781921714544297,"w":0.9569116234779358},"size":4.698105812072754,"orthographic":false}