{"cameraMode":{"drawMode":0,"name":"Shaded","section":"Shading Mode"},"sceneLighting":true,"audioPlay":false,"sceneViewState":{"m_AlwaysRefresh":false,"showFog":true,"showSkybox":true,"showFlares":true,"showImageEffects":true,"showParticleSystems":true,"showVisualEffectGraphs":true,"m_FxEnabled":true},"in2DMode":false,"pivot":{"x":4.698783874511719,"y":2.0367002487182619,"z":11.580399513244629},"rotation":{"x":-0.12145127356052399,"y":-0.030669640749692918,"z":0.00375396478921175,"w":-0.9921199083328247},"size":14.82925033569336,"orthographic":false}