{"cameraMode":{"drawMode":0,"name":"Shaded","section":"Shading Mode"},"sceneLighting":false,"audioPlay":false,"sceneViewState":{"m_AlwaysRefresh":false,"showFog":true,"showSkybox":false,"showFlares":true,"showImageEffects":true,"showParticleSystems":true,"showVisualEffectGraphs":true,"m_FxEnabled":true},"in2DMode":false,"pivot":{"x":-0.48773282766342165,"y":1.967759609222412,"z":0.1318655014038086},"rotation":{"x":0.1434815376996994,"y":-0.018411731347441675,"z":0.002637044759467244,"w":0.9894988536834717},"size":2.770254373550415,"orthographic":true}